Date,Open,High,Low,Close,Adj Close,Volume
01/02/1962,6.978967,7.087317,6.978967,7.068196,1.577106,674670
02/02/1962,7.068196,7.112811,7.036329,7.112811,1.587062,533460
05/02/1962,7.112811,7.112811,6.985341,7.023582,1.567152,329490
06/02/1962,7.023582,7.036329,6.998088,7.029955,1.568787,274575
07/02/1962,7.036329,7.07457,7.036329,7.036329,1.570211,266730
08/02/1962,7.036329,7.07457,7.036329,7.042702,1.571632,23535
09/02/1962,7.042702,7.09369,7.010835,7.09369,1.583011,455010
12/02/1962,7.09369,7.151052,7.087317,7.100064,1.584434,298110
13/02/1962,7.100064,7.106437,6.985341,6.985341,1.558831,274575
14/02/1962,6.985341,7.010835,6.959847,6.972594,1.555987,219660
15/02/1962,6.972594,6.972594,6.940727,6.9471,1.550297,243195
16/02/1962,6.9471,6.972594,6.940727,6.940727,1.548877,235350
19/02/1962,6.940727,6.972594,6.857871,6.870618,1.53323,298110
20/02/1962,6.873805,6.908859,6.873805,6.873805,1.533943,305955
21/02/1962,6.873805,6.921606,6.822817,6.822817,1.522563,384405
23/02/1962,6.832377,6.857871,6.832377,6.845124,1.527542,305955
26/02/1962,6.845124,6.851498,6.806883,6.81963,1.521852,313800
27/02/1962,6.81963,6.876992,6.781389,6.832377,1.524696,368715
28/02/1962,6.832377,6.845124,6.794136,6.845124,1.527542,282420
01/03/1962,6.870618,6.92798,6.870618,6.92798,1.546031,298110
02/03/1962,6.985341,7.023582,6.985341,6.985341,1.558831,258885
05/03/1962,6.985341,6.985341,6.934353,6.959847,1.553143,376560
06/03/1962,6.959847,6.991714,6.9471,6.966221,1.554565,196125
07/03/1962,6.966221,6.988528,6.9471,6.988528,1.559544,133365
08/03/1962,6.988528,7.004461,6.9471,7.004461,1.5631,196125
09/03/1962,7.010835,7.049076,7.010835,7.049076,1.573055,305955
12/03/1962,7.049076,7.068196,7.023582,7.042702,1.571632,298110
13/03/1962,7.042702,7.042702,7.010835,7.036329,1.570211,133365
14/03/1962,7.036329,7.055449,7.010835,7.023582,1.567365,211815
15/03/1962,7.023582,7.061823,7.010835,7.010835,1.564521,258885
16/03/1962,7.010835,7.042702,7.010835,7.042702,1.571632,172590
19/03/1962,7.055449,7.087317,7.055449,7.061823,1.5759,392250
20/03/1962,7.049076,7.049076,7.017208,7.017208,1.565943,172590
21/03/1962,7.017208,7.036329,6.998088,7.023582,1.567365,274575
22/03/1962,6.998088,6.998088,6.9471,6.9471,1.550297,251040
23/03/1962,6.953474,6.985341,6.953474,6.972594,1.555987,196125
26/03/1962,6.972594,6.998088,6.959847,6.969407,1.555275,141210
27/03/1962,6.953474,6.953474,6.832377,6.838751,1.526119,368715
28/03/1962,6.845124,6.896112,6.845124,6.876992,1.534654,345180
29/03/1962,6.876992,6.908859,6.857871,6.857871,1.530387,243195
30/03/1962,6.845124,6.845124,6.759082,6.79095,1.515451,462855
02/04/1962,6.787763,6.787763,6.698534,6.698534,1.494828,392250
03/04/1962,6.692161,6.692161,6.462715,6.532823,1.457849,957090
04/04/1962,6.532823,6.590185,6.504143,6.504143,1.45145,682515
05/04/1962,6.539197,6.641173,6.539197,6.641173,1.482028,957090
06/04/1962,6.641173,6.692161,6.590185,6.634799,1.480606,455010
09/04/1962,6.634799,6.67304,6.590185,6.641173,1.482028,23535
10/04/1962,6.641173,6.666667,6.602932,6.666667,1.487718,274575
11/04/1962,6.666667,6.717655,6.577438,6.577438,1.467805,556995
12/04/1962,6.577438,6.590185,6.50733,6.50733,1.45216,423630
13/04/1962,6.50733,6.602932,6.500956,6.602932,1.473494,658980
16/04/1962,6.602932,6.647546,6.52645,6.596558,1.472072,533460
17/04/1962,6.596558,6.628426,6.564691,6.628426,1.479184,313800
18/04/1962,6.628426,6.685787,6.609305,6.615679,1.476339,447165
19/04/1962,6.615679,6.641173,6.590185,6.615679,1.476339,407940
23/04/1962,6.615679,6.622052,6.583811,6.609305,1.474917,329490
24/04/1962,6.609305,6.650733,6.596558,6.602932,1.473494,478545
25/04/1962,6.602932,6.628426,6.532823,6.532823,1.457849,486390
26/04/1962,6.52645,6.52645,6.367113,6.367113,1.42087,972780
27/04/1962,6.367113,6.437221,6.118547,6.188655,1.381046,1710210
30/04/1962,6.188655,6.246017,5.736138,5.787126,1.291442,2455485
01/05/1962,5.787126,5.920969,5.481198,5.889101,1.314198,5562105
02/05/1962,5.991077,6.169535,5.991077,6.022945,1.344067,2675145
03/05/1962,6.022945,6.169535,5.97833,6.147228,1.3718,1427790
04/05/1962,6.147228,6.195029,6.086679,6.195029,1.382468,815880
07/05/1962,6.195029,6.24283,6.057999,6.057999,1.351889,870795
08/05/1962,6.050032,6.050032,5.857234,5.857234,1.307294,1082610
09/05/1962,5.857234,5.911409,5.736138,5.748885,1.28311,1678830
10/05/1962,5.748885,5.860421,5.723391,5.774379,1.2888,2000475
11/05/1962,5.774379,5.863607,5.659656,5.68515,1.268884,1984785
14/05/1962,5.68515,5.793499,5.586361,5.793499,1.293068,2855580
15/05/1962,5.793499,5.901848,5.761632,5.761632,1.285955,1765125
16/05/1962,5.761632,5.857234,5.761632,5.825366,1.30018,925710
17/05/1962,5.825366,5.825366,5.697897,5.723391,1.277421,1019850
18/05/1962,5.723391,5.755258,5.678776,5.755258,1.284532,768810
21/05/1962,5.755258,5.755258,5.68515,5.736138,1.280264,415785
22/05/1962,5.729764,5.729764,5.544933,5.544933,1.23759,1051230
23/05/1962,5.544933,5.583174,5.29318,5.29318,1.1814,3028170
24/05/1962,5.29318,5.43021,5.073295,5.073295,1.132323,4346130
25/05/1962,5.073295,5.188018,4.945825,5.079669,1.133746,4503030
28/05/1962,5.060548,5.060548,4.525175,4.601657,1.027057,4518720
29/05/1962,4.659018,4.933078,4.659018,4.882091,1.089647,4040175
31/05/1962,4.971319,5.098789,4.971319,5.003187,1.116676,4322595
01/06/1962,4.984066,4.984066,4.878904,4.907584,1.095337,2526090
04/06/1962,4.84385,4.84385,4.58891,4.58891,1.024211,1898490
05/06/1962,4.58891,4.767368,4.499681,4.641491,1.035948,3310590
06/06/1962,4.641491,4.792862,4.614404,4.659018,1.039859,3012480
07/06/1962,4.690886,4.767368,4.690886,4.71638,1.052662,1286580
08/06/1962,4.719567,4.792862,4.719567,4.732314,1.056218,1223820
11/06/1962,4.732314,4.741874,4.56979,4.576163,1.021366,1247355
12/06/1962,4.525175,4.525175,4.271829,4.271829,0.953441,3483180
13/06/1962,4.271829,4.372212,4.107712,4.112492,0.917879,4589325
14/06/1962,4.112492,4.228808,3.824092,3.900574,0.87058,6989895
15/06/1962,3.900574,4.263862,3.830465,4.251115,0.948819,6621180
18/06/1962,4.251115,4.330784,4.047164,4.203314,0.93815,4989420
19/06/1962,4.203314,4.282983,4.155513,4.282983,0.955931,2204445
20/06/1962,4.282983,4.369025,4.181007,4.181007,0.933171,3200760
21/06/1962,4.130019,4.130019,4.018483,4.024857,0.898319,3883275
22/06/1962,4.024857,4.098152,3.957935,4.079031,0.91041,3530250
25/06/1962,4.079031,4.282983,4.02167,4.238368,0.945973,3969570
26/06/1962,4.238368,4.321224,4.079031,4.079031,0.91041,3381195
27/06/1962,4.085405,4.244742,4.085405,4.244742,0.947396,3098775
28/06/1962,4.273423,4.44232,4.273423,4.384959,0.978691,4275525
29/06/1962,4.384959,4.429573,4.311663,4.32441,0.965178,2957565
02/07/1962,4.32441,4.46144,4.31485,4.46144,0.995762,1459170
03/07/1962,4.46144,4.509242,4.435946,4.480561,1.00003,2706525
05/07/1962,4.480561,4.499681,4.445507,4.46144,0.995762,2110305
06/07/1962,4.410453,4.410453,4.359465,4.397706,0.981536,1702365
09/07/1962,4.397706,4.467814,4.346718,4.464627,0.996472,1976940
10/07/1962,4.541109,4.611217,4.541109,4.572976,1.020655,3192915
11/07/1962,4.572976,4.773741,4.553856,4.772148,1.06511,3467490
12/07/1962,4.783301,4.968133,4.783301,4.831103,1.078267,3451800
13/07/1962,4.831103,4.86297,4.748247,4.796048,1.070444,2204445
16/07/1962,4.796048,4.875717,4.748247,4.875717,1.088226,1733745
17/07/1962,4.875717,4.901211,4.71638,4.717973,1.053018,1788660
18/07/1962,4.717973,4.741874,4.614404,4.655832,1.039149,2549625
19/07/1962,4.681326,4.792862,4.681326,4.684512,1.04555,2298585
20/07/1962,4.697259,4.767368,4.697259,4.741874,1.058353,713895
23/07/1962,4.741874,4.805609,4.7355,4.754621,1.061197,878640
24/07/1962,4.729127,4.729127,4.630338,4.630338,1.033458,933555
25/07/1962,4.630338,4.697259,4.572976,4.684512,1.04555,1969095
26/07/1962,4.70682,4.754621,4.70682,4.710006,1.05124,996315
27/07/1962,4.710006,4.791268,4.70682,4.791268,1.069377,996315
30/07/1962,4.821542,4.937859,4.821542,4.937859,1.102094,2981100
31/07/1962,4.937859,5.015934,4.933078,4.933078,1.101028,2902650
01/08/1962,4.920331,4.920331,4.796048,4.796048,1.070444,1278735
02/08/1962,4.799235,4.917145,4.799235,4.917145,1.097471,1561155
03/08/1962,4.917145,4.939452,4.869344,4.907584,1.095337,996315
06/08/1962,4.907584,4.926705,4.837476,4.84385,1.081113,6911445
07/08/1962,4.839069,4.839069,4.757808,4.757808,1.062119,964935
08/08/1962,4.757808,4.882091,4.722753,4.866157,1.086306,1655295
09/08/1962,4.86297,4.86297,4.781708,4.799235,1.071366,1349340
10/08/1962,4.799235,4.840663,4.781708,4.789675,1.069232,1027695
13/08/1962,4.792862,4.840663,4.792862,4.827916,1.07777,1066920
14/08/1962,4.827916,4.920331,4.819949,4.920331,1.098399,1984785
15/08/1962,4.926705,5.025494,4.926705,4.926705,1.099822,2455485
16/08/1962,4.926705,5.006373,4.917145,4.923518,1.099111,1333650
17/08/1962,4.923518,4.99044,4.920331,4.964946,1.108359,933555
20/08/1962,4.99044,5.063735,4.99044,5.01912,1.120452,1890645
21/08/1962,5.01912,5.073295,4.996813,5.006373,1.117608,1357185
22/08/1962,5.015934,5.245379,5.015934,5.213512,1.163849,3459645
23/08/1962,5.213512,5.286807,5.191205,5.232632,1.168116,3059550
24/08/1962,5.232632,5.239006,5.194391,5.213512,1.163849,1310115
27/08/1962,5.213512,5.248566,5.194391,5.200765,1.161003,957090
28/08/1962,5.197578,5.197578,5.015934,5.015934,1.119741,2879115
29/08/1962,5.015934,5.047801,4.949012,4.984066,1.112627,2635920
30/08/1962,4.984066,5.028681,4.933078,4.942639,1.103379,996315
31/08/1962,4.952199,5.070108,4.952199,5.050988,1.127567,1286580
04/09/1962,5.050988,5.117909,4.920331,4.939452,1.102667,1702365
05/09/1962,4.939452,4.996813,4.86297,4.882091,1.089863,2353500
06/09/1962,4.882091,4.956979,4.856597,4.945825,1.104091,1898490
07/09/1962,4.945825,4.982473,4.87253,4.87253,1.087728,1380720
10/09/1962,4.87253,4.929892,4.811982,4.898024,1.09342,1890645
11/09/1962,4.898024,4.942639,4.856597,4.869344,1.087018,1616070
12/09/1962,4.875717,4.926705,4.875717,4.890057,1.091641,1365030
13/09/1962,4.890057,4.926705,4.886871,4.888464,1.091285,886485
14/09/1962,4.888464,4.958572,4.882091,4.949012,1.104803,1145370
17/09/1962,4.958572,5.044614,4.958572,5.035054,1.12401,1529775
18/09/1962,5.035054,5.097196,4.99044,4.996813,1.115474,2384880
19/09/1962,4.996813,5.015934,4.923518,4.923518,1.099111,1537620
20/09/1962,4.923518,4.964946,4.87253,4.878904,1.089151,925710
21/09/1962,4.875717,4.875717,4.786488,4.802422,1.072078,2235825
24/09/1962,4.748247,4.748247,4.611217,4.614404,1.030106,2745750
25/09/1962,4.614404,4.70682,4.576163,4.70682,1.050736,2557470
26/09/1962,4.70682,4.713193,4.531549,4.531549,1.011608,2149530
27/09/1962,4.531549,4.585723,4.44232,4.46144,0.995958,3012480
28/09/1962,4.464627,4.544296,4.464627,4.506055,1.005917,1482705
01/10/1962,4.506055,4.506055,4.337157,4.338751,0.96857,1937715
02/10/1962,4.375398,4.477374,4.375398,4.466221,0.997026,2965410
03/10/1962,4.466221,4.537922,4.423199,4.44232,0.99169,1882800
04/10/1962,4.44232,4.563416,4.423199,4.560229,1.018011,1365030
05/10/1962,4.560229,4.612811,4.528362,4.592097,1.025126,1820040
08/10/1962,4.592097,4.608031,4.576163,4.585723,1.023702,666825
09/10/1962,4.601657,4.684512,4.601657,4.668579,1.042199,1239510
10/10/1962,4.668579,4.738687,4.553856,4.577757,1.021925,1898490
11/10/1962,4.577757,4.633525,4.528362,4.537922,1.013032,1427790
12/10/1962,4.537922,4.547482,4.486934,4.528362,1.010897,1090455
15/10/1962,4.550669,4.678139,4.550669,4.678139,1.044333,972780
16/10/1962,4.678139,4.697259,4.557043,4.557043,1.0173,1317960
17/10/1962,4.557043,4.652645,4.531549,4.608031,1.028682,1443480
18/10/1962,4.608031,4.639898,4.526769,4.526769,1.010542,1027695
19/10/1962,4.526769,4.537922,4.435946,4.43754,0.990622,2479020
22/10/1962,4.396112,4.396112,4.318037,4.372212,0.976039,2871270
23/10/1962,4.372212,4.372212,4.206501,4.206501,0.939046,2635920
24/10/1962,4.206501,4.333971,4.104525,4.333971,0.967502,3859740
25/10/1962,4.333971,4.340344,4.231995,4.31485,0.963234,2800665
26/10/1962,4.29573,4.29573,4.196941,4.225621,0.943315,1623915
29/10/1962,4.308477,4.394519,4.308477,4.391332,0.980308,3687150
30/10/1962,4.391332,4.486934,4.348311,4.483748,1.000938,2769285
31/10/1962,4.474187,4.474187,4.388145,4.410453,0.984575,1231665
01/11/1962,4.410453,4.486934,4.359465,4.486934,1.001649,2086770
02/11/1962,4.486934,4.714786,4.423199,4.553856,1.016589,3279210
05/11/1962,4.57935,4.643085,4.57935,4.608031,1.028898,1812195
07/11/1962,4.608031,4.671765,4.537922,4.604844,1.028187,1827885
08/11/1962,4.604844,4.652645,4.528362,4.528362,1.01111,1333650
09/11/1962,4.550669,4.608031,4.550669,4.604844,1.028187,1153215
12/11/1962,4.659018,4.767368,4.659018,4.760994,1.063053,2275050
13/11/1962,4.760994,4.786488,4.674952,4.674952,1.04384,2212290
14/11/1962,4.681326,4.786488,4.681326,4.773741,1.065899,1929870
15/11/1962,4.773741,4.835883,4.748247,4.748247,1.060207,2180910
16/11/1962,4.748247,4.824729,4.703633,4.824729,1.077284,1569000
19/11/1962,4.824729,4.824729,4.741874,4.741874,1.058784,980625
20/11/1962,4.767368,4.823136,4.767368,4.797642,1.071236,1176750
21/11/1962,4.797642,4.840663,4.773741,4.808795,1.073726,1670985
23/11/1962,4.808795,4.945825,4.783301,4.945825,1.104323,2894805
26/11/1962,4.945825,5.031867,4.926705,4.955386,1.106457,2243670
27/11/1962,4.955386,5.044614,4.926705,5.031867,1.123534,1812195
28/11/1962,5.041428,5.111536,5.041428,5.066922,1.131361,2784975
29/11/1962,5.066922,5.111536,5.057361,5.111536,1.141322,1835730
30/11/1962,5.111536,5.121096,5.063735,5.079669,1.134208,1365030
03/12/1962,5.028681,5.028681,4.974506,4.99044,1.114284,1349340
04/12/1962,5.003187,5.109943,5.003187,5.101976,1.139188,1843575
05/12/1962,5.101976,5.175271,5.082855,5.082855,1.134919,2243670
06/12/1962,5.082855,5.14659,5.073295,5.079669,1.134208,1451325
07/12/1962,5.079669,5.133843,5.066922,5.066922,1.131361,1168905
10/12/1962,5.066922,5.108349,4.958572,4.958572,1.107169,1545465
11/12/1962,4.958572,5.003187,4.923518,4.939452,1.102899,1184595
12/12/1962,4.964946,5.028681,4.964946,5.01912,1.120688,808035
13/12/1962,5.01912,5.044614,4.939452,4.945825,1.104323,1176750
14/12/1962,4.945825,4.98088,4.913958,4.964946,1.108592,1043385
17/12/1962,4.964946,4.996813,4.894837,4.907584,1.095784,949245
18/12/1962,4.907584,4.949012,4.86297,4.87253,1.087957,917865
19/12/1962,4.87253,5.003187,4.87253,4.998407,1.116063,1012005
20/12/1962,4.998407,5.060548,4.998407,4.998407,1.116063,1333650
21/12/1962,4.998407,5.015934,4.910771,4.910771,1.096495,941400
24/12/1962,4.944232,5.022307,4.944232,5.022307,1.1214,713895
26/12/1962,5.022307,5.060548,5,5.01912,1.120688,760965
27/12/1962,5.01912,5.044614,4.964946,4.984066,1.11286,823725
28/12/1962,4.984066,5.00956,4.977693,5.003187,1.11713,611910
31/12/1962,5.003187,5.031867,4.964946,4.971319,1.110016,1098300
02/01/1963,4.971319,4.971319,4.898024,4.904398,1.095073,2502555
03/01/1963,4.913958,5.054175,4.913958,5.054175,1.128515,1176750
04/01/1963,5.060548,5.108349,5.060548,5.060548,1.129938,1608225
07/01/1963,5.060548,5.108349,5.00956,5.01912,1.120688,925710
08/01/1963,5.060548,5.143403,5.060548,5.143403,1.148438,1890645
09/01/1963,5.143403,5.194391,5.114723,5.14659,1.149151,2000475
10/01/1963,5.159337,5.213512,5.159337,5.181644,1.156977,1623915
11/01/1963,5.181644,5.197578,5.149777,5.197578,1.160535,1412100
14/01/1963,5.197578,5.286807,5.197578,5.280433,1.179035,2588850
15/01/1963,5.280433,5.328235,5.258126,5.289994,1.18117,2180910
16/01/1963,5.28362,5.28362,5.188018,5.207138,1.16267,1325805
17/01/1963,5.216699,5.286807,5.216699,5.27406,1.177612,1270890
18/01/1963,5.27406,5.296367,5.232632,5.258126,1.174053,894330
21/01/1963,5.258126,5.277247,5.207138,5.277247,1.178324,917865
22/01/1963,5.277247,5.337795,5.277247,5.286807,1.180458,972780
23/01/1963,5.286807,5.309114,5.270873,5.280433,1.179035,690360
24/01/1963,5.280433,5.334608,5.277247,5.302741,1.184017,972780
25/01/1963,5.302741,5.334608,5.277247,5.334608,1.191131,729585
28/01/1963,5.350542,5.41109,5.350542,5.41109,1.208209,1663140
29/01/1963,5.41109,5.41109,5.372849,5.376036,1.200382,776655
30/01/1963,5.376036,5.382409,5.328235,5.347355,1.193978,753120
31/01/1963,5.347355,5.404716,5.328235,5.40153,1.206075,1043385
01/02/1963,5.40153,5.41587,5.391969,5.40153,1.206075,564840
04/02/1963,5.40153,5.407903,5.350542,5.356915,1.196112,658980
05/02/1963,5.356915,5.376036,5.321861,5.366475,1.198532,800190
06/02/1963,5.366475,5.40153,5.331421,5.331421,1.190703,737430
07/02/1963,5.340982,5.385596,5.340982,5.340982,1.192838,682515
08/02/1963,5.340982,5.372849,5.328235,5.353728,1.195686,627600
11/02/1963,5.353728,5.363289,5.325048,5.325048,1.18928,478545
12/02/1963,5.325048,5.334608,5.267686,5.334608,1.191415,957090
13/02/1963,5.334608,5.353728,5.321861,5.321861,1.188568,658980
14/02/1963,5.323454,5.363289,5.323454,5.325048,1.18928,878640
15/02/1963,5.325048,5.350542,5.321861,5.337795,1.192127,596220
18/02/1963,5.337795,5.347355,5.325048,5.326641,1.189635,470700
19/02/1963,5.326641,5.331421,5.280433,5.28362,1.180027,800190
20/02/1963,5.270873,5.270873,5.219885,5.239006,1.170064,941400
21/02/1963,5.239006,5.239006,5.175271,5.229446,1.167929,878640
25/02/1963,5.226259,5.226259,5.149777,5.149777,1.150136,635445
26/02/1963,5.149777,5.216699,5.133843,5.184831,1.157965,847260
27/02/1963,5.184831,5.215105,5.162524,5.165711,1.153694,462855
28/02/1963,5.165711,5.168897,5.086042,5.095602,1.138036,1176750
01/03/1963,5.095602,5.143403,5.063735,5.063735,1.130919,1074765
04/03/1963,5.098789,5.15615,5.098789,5.143403,1.148711,784500
05/03/1963,5.143403,5.143403,5.117909,5.121096,1.14373,478545
06/03/1963,5.121096,5.160931,5.101976,5.160931,1.152626,439320
07/03/1963,5.181644,5.223072,5.181644,5.210325,1.163658,753120
08/03/1963,5.210325,5.223072,5.188018,5.207138,1.162946,415785
11/03/1963,5.207138,5.235819,5.200765,5.203952,1.162234,509925
12/03/1963,5.203952,5.223072,5.191205,5.200765,1.161523,368715
13/03/1963,5.200765,5.229446,5.200765,5.210325,1.163658,478545
14/03/1963,5.210325,5.270873,5.194391,5.226259,1.167217,619755
15/03/1963,5.226259,5.27406,5.207138,5.267686,1.176469,533460
18/03/1963,5.267686,5.296367,5.216699,5.219885,1.165792,486390
19/03/1963,5.219885,5.239006,5.207138,5.226259,1.167217,431475
20/03/1963,5.232632,5.29318,5.232632,5.277247,1.178604,517770
21/03/1963,5.277247,5.289994,5.239006,5.242192,1.170775,831570
22/03/1963,5.242192,5.286807,5.239006,5.280433,1.179315,447165
25/03/1963,5.280433,5.296367,5.270873,5.270873,1.177181,502080
26/03/1963,5.277247,5.328235,5.277247,5.305927,1.18501,847260
27/03/1963,5.325048,5.366475,5.325048,5.366475,1.198532,886485
28/03/1963,5.366475,5.395156,5.353728,5.363289,1.19782,862950
29/03/1963,5.363289,5.382409,5.353728,5.366475,1.198532,502080
01/04/1963,5.366475,5.376036,5.356915,5.366475,1.198532,713895
02/04/1963,5.366475,5.382409,5.321861,5.321861,1.188568,588375
03/04/1963,5.328235,5.388783,5.328235,5.382409,1.20209,541305
04/04/1963,5.417463,5.479605,5.417463,5.466858,1.220951,1357185
05/04/1963,5.478011,5.634162,5.478011,5.634162,1.258317,1670985
08/04/1963,5.669216,5.745698,5.669216,5.731358,1.280025,1663140
09/04/1963,5.731358,5.742511,5.646909,5.669216,1.266145,1294425
10/04/1963,5.669216,5.681963,5.570427,5.638942,1.259384,972780
11/04/1963,5.638942,5.729764,5.611855,5.688337,1.270415,1341495
15/04/1963,5.688337,5.723391,5.646909,5.68515,1.269704,870795
16/04/1963,5.68515,5.701083,5.643722,5.643722,1.260452,682515
17/04/1963,5.643722,5.656469,5.602294,5.615041,1.254046,502080
18/04/1963,5.615041,5.659656,5.615041,5.615041,1.254046,305955
19/04/1963,5.646909,5.736138,5.646909,5.736138,1.28109,800190
22/04/1963,5.774379,5.854047,5.774379,5.825366,1.301019,1184595
23/04/1963,5.825366,5.876354,5.806246,5.876354,1.312406,878640
24/04/1963,5.885915,5.946463,5.885915,5.895475,1.316677,894330
25/04/1963,5.895475,5.927342,5.863607,5.922562,1.322727,729585
26/04/1963,5.922562,5.991077,5.895475,5.991077,1.338029,666825
29/04/1963,5.991077,6.048438,5.946463,5.971957,1.333758,549150
30/04/1963,5.971957,6.003824,5.889101,5.911409,1.320236,910020
01/05/1963,5.911409,5.971957,5.892288,5.927342,1.323794,627600
02/05/1963,5.930529,5.981517,5.930529,5.975143,1.33447,384405
03/05/1963,5.975143,5.976737,5.933716,5.933716,1.325218,321645
06/05/1963,5.924156,5.924156,5.8413,5.8413,1.304578,619755
07/05/1963,5.8413,5.892288,5.83174,5.867192,1.310647,564840
08/05/1963,5.879541,5.991077,5.879541,5.991077,1.338321,776655
09/05/1963,5.991077,6.061185,5.991077,5.997451,1.339745,1176750
10/05/1963,5.997451,6.054812,5.962396,6.054812,1.352558,494235
13/05/1963,6.051625,6.051625,5.994264,6.007011,1.34188,400095
14/05/1963,6.007011,6.022945,5.97833,5.997451,1.339745,470700
15/05/1963,5.997451,6.032505,5.997451,6.016571,1.344015,549150
16/05/1963,6.016571,6.042065,5.97833,5.991077,1.338321,470700
17/05/1963,5.991077,6.048438,5.943276,5.952836,1.329779,478545
20/05/1963,5.952836,5.971957,5.898662,5.898662,1.317676,455010
21/05/1963,5.898662,5.952836,5.889101,5.952836,1.329779,541305
22/05/1963,5.952836,6.042065,5.933716,5.940089,1.326931,353025
23/05/1963,5.940089,5.965583,5.920969,5.920969,1.322659,345180
24/05/1963,5.920969,5.956023,5.889101,5.901848,1.318388,305955
27/05/1963,5.895475,5.895475,5.838113,5.838113,1.304151,478545
28/05/1963,5.860421,5.911409,5.860421,5.863607,1.309847,470700
29/05/1963,5.901848,5.991077,5.901848,5.991077,1.338321,580530
31/05/1963,6.016571,6.099426,6.016571,6.083493,1.358965,1121835
03/06/1963,6.083493,6.102613,6.032505,6.032505,1.347576,886485
04/06/1963,6.032505,6.083493,6.016571,6.042065,1.349712,611910
05/06/1963,6.042065,6.067559,5.984704,5.991077,1.338321,517770
06/06/1963,5.991077,6.016571,5.965583,5.991077,1.338321,305955
07/06/1963,5.991077,5.997451,5.962396,5.96877,1.333337,376560
10/06/1963,5.96877,5.96877,5.889101,5.892288,1.316253,690360
11/06/1963,5.901848,5.962396,5.901848,5.927342,1.324084,290265
12/06/1963,5.927342,5.984704,5.901848,5.96877,1.333337,580530
13/06/1963,5.96877,6.042065,5.889101,5.908222,1.319811,470700
14/06/1963,5.908222,5.936902,5.889101,5.905035,1.3191,353025
17/06/1963,5.905035,5.908222,5.844487,5.854047,1.307711,447165
18/06/1963,5.854047,5.908222,5.844487,5.844487,1.305575,556995
19/06/1963,5.844487,5.860421,5.818993,5.825366,1.301303,682515
20/06/1963,5.825366,5.825366,5.739324,5.796686,1.294897,1239510
21/06/1963,5.799873,5.82218,5.799873,5.806246,1.297033,572685
24/06/1963,5.806246,5.828553,5.723391,5.723391,1.278522,815880
25/06/1963,5.723391,5.793499,5.68515,5.69471,1.272117,706050
26/06/1963,5.69471,5.697897,5.592734,5.592734,1.249337,1302270
27/06/1963,5.592734,5.637349,5.506692,5.535373,1.236523,1427790
28/06/1963,5.551307,5.586361,5.551307,5.560867,1.242218,682515
01/07/1963,5.560867,5.560867,5.43021,5.436584,1.214456,1561155
02/07/1963,5.462078,5.589547,5.462078,5.589547,1.248625,1223820
03/07/1963,5.599108,5.646909,5.599108,5.630975,1.257878,1074765
05/07/1963,5.637349,5.672403,5.637349,5.672403,1.267133,470700
08/07/1963,5.659656,5.659656,5.551307,5.55768,1.241507,627600
09/07/1963,5.55768,5.650096,5.535373,5.619822,1.255388,682515
10/07/1963,5.608668,5.608668,5.54812,5.570427,1.244354,674670
11/07/1963,5.570427,5.608668,5.532186,5.532186,1.235811,643290
12/07/1963,5.532186,5.564054,5.500319,5.500319,1.228692,596220
15/07/1963,5.500319,5.532186,5.470045,5.513066,1.23154,847260
16/07/1963,5.513066,5.554493,5.509879,5.54812,1.23937,831570
17/07/1963,5.54812,5.602294,5.503505,5.519439,1.232964,847260
18/07/1963,5.519439,5.541746,5.474825,5.474825,1.222998,949245
19/07/1963,5.474825,5.487572,5.455704,5.471638,1.222285,745275
22/07/1963,5.471638,5.487572,5.436584,5.455704,1.218726,627600
23/07/1963,5.455704,5.513066,5.439771,5.439771,1.215167,878640
24/07/1963,5.439771,5.493945,5.42065,5.462078,1.22015,658980
25/07/1963,5.462078,5.506692,5.462078,5.468451,1.221573,572685
26/07/1963,5.468451,5.506692,5.468451,5.500319,1.228692,407940
29/07/1963,5.506692,5.525813,5.506692,5.519439,1.232964,345180
30/07/1963,5.54812,5.646909,5.54812,5.646909,1.261439,1137525
31/07/1963,5.646909,5.710644,5.53856,5.53856,1.237235,1192440
01/08/1963,5.53856,5.573614,5.481198,5.544933,1.238658,1027695
02/08/1963,5.544933,5.570427,5.506692,5.506692,1.230117,376560
05/08/1963,5.506692,5.579987,5.500319,5.579987,1.24649,423630
06/08/1963,5.579987,5.634162,5.560867,5.630975,1.258167,855105
07/08/1963,5.630975,5.630975,5.57202,5.57202,1.244995,556995
08/08/1963,5.57202,5.627788,5.53856,5.595921,1.250334,533460
09/08/1963,5.595921,5.666029,5.589547,5.653282,1.263152,706050
12/08/1963,5.672403,5.70427,5.672403,5.678776,1.268847,855105
13/08/1963,5.691523,5.793499,5.691523,5.790312,1.293768,1482705
14/08/1963,5.790312,5.857234,5.742511,5.825366,1.301602,1380720
15/08/1963,5.825366,5.85086,5.787126,5.787126,1.293057,917865
16/08/1963,5.787126,5.825366,5.768005,5.768005,1.288785,455010
19/08/1963,5.768005,5.799873,5.761632,5.761632,1.28736,321645
20/08/1963,5.761632,5.787126,5.691523,5.691523,1.271695,502080
21/08/1963,5.701083,5.736138,5.701083,5.720204,1.278103,298110
22/08/1963,5.720204,5.768005,5.70427,5.768005,1.288785,517770
23/08/1963,5.768005,5.787126,5.710644,5.717017,1.277392,462855
26/08/1963,5.729764,5.758445,5.729764,5.736138,1.281664,392250
27/08/1963,5.736138,5.742511,5.634162,5.634162,1.258878,588375
28/08/1963,5.634162,5.710644,5.634162,5.653282,1.263152,658980
29/08/1963,5.653282,5.697897,5.640535,5.640535,1.260303,572685
30/08/1963,5.640535,5.672403,5.602294,5.669216,1.266711,706050
03/09/1963,5.677183,5.758445,5.677183,5.70427,1.274543,855105
04/09/1963,5.710644,5.761632,5.710644,5.710644,1.275967,910020
05/09/1963,5.710644,5.761632,5.697897,5.742511,1.283088,604065
06/09/1963,5.755258,5.895475,5.755258,5.844487,1.305873,1992630
09/09/1963,5.844487,5.895475,5.799873,5.818993,1.300176,941400
10/09/1963,5.818993,5.876354,5.818993,5.838113,1.304448,800190
11/09/1963,5.838113,5.882728,5.825366,5.825366,1.301602,925710
12/09/1963,5.825366,5.844487,5.793499,5.818993,1.300176,564840
13/09/1963,5.818993,5.869981,5.806246,5.806246,1.297327,635445
16/09/1963,5.806246,5.844487,5.799873,5.799873,1.295905,478545
17/09/1963,5.799873,5.857234,5.799873,5.801466,1.296261,698205
18/09/1963,5.801466,5.82218,5.70427,5.736138,1.281664,745275
19/09/1963,5.737731,5.799873,5.737731,5.790312,1.293768,604065
20/09/1963,5.790312,5.844487,5.787126,5.818993,1.300176,635445
23/09/1963,5.818993,5.866794,5.787126,5.793499,1.294481,847260
24/09/1963,5.799873,5.898662,5.799873,5.895475,1.317266,1153215
25/09/1963,5.895475,5.97833,5.838113,5.838113,1.304448,2212290
26/09/1963,5.838113,5.863607,5.739324,5.739324,1.282376,1741590
27/09/1963,5.739324,5.771192,5.697897,5.717017,1.277392,988470
30/09/1963,5.717017,5.768005,5.697897,5.761632,1.28736,674670
01/10/1963,5.761632,5.806246,5.732951,5.732951,1.280952,674670
02/10/1963,5.732951,5.748885,5.717017,5.726577,1.279528,360870
03/10/1963,5.736138,5.834927,5.736138,5.825366,1.301602,400095
04/10/1963,5.863607,5.927342,5.863607,5.882728,1.314418,1388565
07/10/1963,5.882728,5.984704,5.863607,5.984704,1.337203,1145370
08/10/1963,5.984704,6.013384,5.895475,5.895475,1.317266,2047545
09/10/1963,5.895475,5.965583,5.879541,5.895475,1.317266,949245
10/10/1963,5.895475,5.936902,5.869981,5.933716,1.325811,800190
11/10/1963,5.933716,6.002231,5.933716,5.97833,1.335779,1153215
14/10/1963,5.97833,6.067559,5.97833,6.067559,1.355715,1145370
15/10/1963,6.083493,6.140854,6.083493,6.093053,1.361412,1553310
16/10/1963,6.093053,6.258764,6.093053,6.249203,1.396301,1412100
17/10/1963,6.274697,6.328872,6.274697,6.274697,1.401999,1937715
18/10/1963,6.274697,6.316125,6.258764,6.306565,1.409118,800190
21/10/1963,6.306565,6.354366,6.297004,6.297004,1.406982,925710
22/10/1963,6.284257,6.284257,6.172721,6.195029,1.384197,1812195
23/10/1963,6.195029,6.249203,6.156788,6.156788,1.375652,886485
24/10/1963,6.182282,6.239643,6.182282,6.182282,1.381349,556995
25/10/1963,6.210962,6.297004,6.210962,6.290631,1.405558,815880
28/10/1963,6.322498,6.395793,6.322498,6.338432,1.416239,1937715
29/10/1963,6.338432,6.383047,6.23327,6.26195,1.399149,1396410
30/10/1963,6.26195,6.265137,6.172721,6.172721,1.379212,784500
31/10/1963,6.172721,6.297004,6.169535,6.297004,1.406982,745275
01/11/1963,6.297004,6.319312,6.210962,6.226896,1.391317,674670
04/11/1963,6.226896,6.26195,6.147228,6.169535,1.378854,564840
06/11/1963,6.166348,6.166348,6.080306,6.118547,1.367458,1027695
07/11/1963,6.118547,6.182282,6.118547,6.137667,1.371732,470700
08/11/1963,6.169535,6.207776,6.169535,6.175908,1.380277,549150
11/11/1963,6.188655,6.23327,6.188655,6.207776,1.387399,423630
12/11/1963,6.214149,6.284257,6.214149,6.220523,1.390249,917865
13/11/1963,6.220523,6.277884,6.220523,6.239643,1.394522,682515
14/11/1963,6.239643,6.258764,6.175908,6.207776,1.387399,674670
15/11/1963,6.207776,6.226896,6.159975,6.182282,1.381704,462855
18/11/1963,6.175908,6.175908,6.086679,6.12492,1.368883,447165
19/11/1963,6.12492,6.156788,6.019758,6.019758,1.345378,674670
20/11/1963,6.019758,6.118547,5.997451,6.016571,1.344667,972780
21/11/1963,6.016571,6.048438,5.914595,5.914595,1.321876,957090
22/11/1963,5.914595,6.000637,5.876354,5.930529,1.325437,839415
26/11/1963,5.930529,6.007011,5.917782,6.007011,1.342529,1106145
27/11/1963,6.007011,6.093053,6.000637,6.093053,1.36176,980625
29/11/1963,6.093053,6.204589,6.086679,6.185468,1.382414,713895
02/12/1963,6.220523,6.271511,6.220523,6.271511,1.401644,713895
03/12/1963,6.271511,6.290631,6.207776,6.239643,1.394522,706050
04/12/1963,6.236456,6.236456,6.156788,6.156788,1.376004,658980
05/12/1963,6.175908,6.239643,6.175908,6.214149,1.388824,572685
06/12/1963,6.214149,6.255577,6.163161,6.175908,1.380277,455010
09/12/1963,6.175908,6.182282,6.118547,6.169535,1.378854,643290
10/12/1963,6.156788,6.156788,6.118547,6.131294,1.370308,313800
11/12/1963,6.131294,6.156788,6.118547,6.118547,1.367458,258885
12/12/1963,6.118547,6.137667,6.057999,6.057999,1.353927,251040
13/12/1963,6.057999,6.086679,6.035692,6.057999,1.353927,360870
16/12/1963,6.061185,6.121734,6.061185,6.067559,1.356063,258885
17/12/1963,6.086679,6.163161,6.086679,6.163161,1.37743,470700
18/12/1963,6.163161,6.258764,6.163161,6.163161,1.37743,651135
19/12/1963,6.163161,6.207776,6.144041,6.156788,1.376004,502080
20/12/1963,6.156788,6.175908,6.099426,6.163161,1.37743,470700
23/12/1963,6.163161,6.201402,6.147228,6.156788,1.376004,627600
24/12/1963,6.163161,6.214149,6.163161,6.175908,1.380277,494235
26/12/1963,6.195029,6.265137,6.195029,6.25239,1.397372,541305
27/12/1963,6.290631,6.344806,6.290631,6.290631,1.405918,1129680
30/12/1963,6.316125,6.376673,6.316125,6.360739,1.421587,1796505
31/12/1963,6.37986,6.494583,6.37986,6.462715,1.444378,1820040
02/01/1964,6.500956,6.615679,6.500956,6.590185,1.472867,1278735
03/01/1964,6.590185,6.641173,6.500956,6.500956,1.452924,1098300
06/01/1964,6.51689,6.609305,6.51689,6.520076,1.457198,737430
07/01/1964,6.520076,6.583811,6.469089,6.475462,1.447225,619755
08/01/1964,6.475462,6.577438,6.475462,6.539197,1.461471,713895
09/01/1964,6.551944,6.743149,6.551944,6.736775,1.505628,1294425
10/01/1964,6.736775,6.806883,6.736775,6.794136,1.518448,1176750
13/01/1964,6.794136,6.908859,6.755895,6.832377,1.526994,1286580
14/01/1964,6.832377,6.908859,6.81963,6.81963,1.524147,1082610
15/01/1964,6.92798,7.151052,6.92798,7.151052,1.598217,1631760
16/01/1964,7.151052,7.227533,6.972594,7.010835,1.566878,2024010
17/01/1964,7.010835,7.138305,6.998088,7.049076,1.575426,1317960
20/01/1964,7.049076,7.189293,7.036329,7.036329,1.572576,1310115
21/01/1964,7.036329,7.100064,6.908859,6.908859,1.544087,2275050
22/01/1964,6.934353,7.023582,6.934353,6.972594,1.558332,996315
23/01/1964,6.978967,7.036329,6.978967,7.004461,1.565455,753120
24/01/1964,7.004461,7.017208,6.9471,6.959847,1.555484,596220
27/01/1964,6.959847,7.004461,6.826004,6.883365,1.53839,596220
28/01/1964,6.870618,6.870618,6.80051,6.806883,1.521296,580530
29/01/1964,6.794136,6.794136,6.679414,6.679414,1.492809,855105
30/01/1964,6.717655,6.794136,6.717655,6.743149,1.507052,502080
31/01/1964,6.768642,6.908859,6.768642,6.908859,1.544087,674670
03/02/1964,6.908859,6.966221,6.864245,6.896112,1.541238,651135
04/02/1964,6.880178,6.880178,6.832377,6.876992,1.537321,360870
05/02/1964,6.876992,6.889739,6.832377,6.832377,1.527347,462855
06/02/1964,6.832377,6.876992,6.806883,6.832377,1.527347,635445
07/02/1964,6.845124,6.870618,6.845124,6.845124,1.530198,800190
10/02/1964,6.857871,6.915233,6.857871,6.883365,1.538746,658980
11/02/1964,6.896112,6.940727,6.896112,6.908859,1.544445,588375
12/02/1964,6.908859,6.959847,6.896112,6.959847,1.555843,455010
13/02/1964,6.978967,7.061823,6.978967,7.061823,1.578639,886485
14/02/1964,7.061823,7.100064,7.049076,7.080943,1.582913,635445
17/02/1964,7.080943,7.125558,7.049076,7.049076,1.57579,729585
18/02/1964,7.049076,7.087317,7.004461,7.061823,1.578639,643290
19/02/1964,7.061823,7.09369,7.061823,7.061823,1.578639,235350
20/02/1964,7.061823,7.087317,7.036329,7.080943,1.582913,305955
24/02/1964,7.096877,7.128744,7.096877,7.096877,1.586475,470700
25/02/1964,7.119184,7.291268,7.119184,7.265774,1.624233,1074765
26/02/1964,7.278521,7.342256,7.278521,7.335883,1.639904,988470
27/02/1964,7.335883,7.34863,7.208413,7.22116,1.614258,635445
28/02/1964,7.22116,7.291268,7.176546,7.253027,1.621382,682515
02/03/1964,7.253027,7.284895,7.195666,7.195666,1.608559,423630
03/03/1964,7.195666,7.243467,7.170172,7.189293,1.607135,400095
04/03/1964,7.189293,7.208413,7.087317,7.112811,1.590038,541305
05/03/1964,7.112811,7.189293,7.100064,7.170172,1.602861,392250
06/03/1964,7.20204,7.253027,7.20204,7.24028,1.618533,580530
09/03/1964,7.24028,7.278521,7.233907,7.24028,1.618533,698205
10/03/1964,7.24028,7.265774,7.20204,7.246654,1.619957,329490
11/03/1964,7.278521,7.374124,7.278521,7.332696,1.639192,635445
12/03/1964,7.380497,7.456979,7.380497,7.456979,1.666973,698205
13/03/1964,7.49522,7.546208,7.49522,7.501593,1.676948,1380720
16/03/1964,7.488846,7.488846,7.418738,7.450605,1.66555,376560
17/03/1964,7.450605,7.456979,7.425112,7.437859,1.662701,509925
18/03/1964,7.437859,7.463352,7.355003,7.390057,1.652014,525615
19/03/1964,7.390057,7.393244,7.34863,7.35819,1.644891,517770
20/03/1964,7.35819,7.364563,7.310389,7.323136,1.637054,706050
23/03/1964,7.323136,7.405991,7.291268,7.393244,1.652727,494235
24/03/1964,7.405991,7.469726,7.405991,7.418738,1.658424,439320
25/03/1964,7.431485,7.48566,7.431485,7.476099,1.671249,494235
26/03/1964,7.476099,7.51434,7.452199,7.501593,1.676948,439320
30/03/1964,7.501593,7.555768,7.501593,7.507967,1.678373,666825
31/03/1964,7.51434,7.578075,7.51434,7.574888,1.693334,1090455
01/04/1964,7.584449,7.616316,7.584449,7.587635,1.696182,753120
02/04/1964,7.597196,7.64181,7.597196,7.62269,1.704018,596220
03/04/1964,7.62269,7.648184,7.609943,7.629063,1.705445,964935
06/04/1964,7.629063,7.657744,7.609943,7.609943,1.701169,768810
07/04/1964,7.609943,7.667304,7.49522,7.498407,1.676235,1153215
08/04/1964,7.498407,7.51434,7.444232,7.450605,1.66555,706050
09/04/1964,7.460166,7.51434,7.460166,7.460166,1.667687,360870
10/04/1964,7.479286,7.62269,7.479286,7.606756,1.700458,1380720
13/04/1964,7.606756,7.64181,7.523901,7.523901,1.681935,674670
14/04/1964,7.523901,7.558955,7.460166,7.469726,1.669824,368715
15/04/1964,7.469726,7.49522,7.444232,7.444232,1.664125,415785
16/04/1964,7.444232,7.450605,7.409178,7.421925,1.659139,494235
17/04/1964,7.431485,7.501593,7.431485,7.463352,1.6684,415785
20/04/1964,7.463352,7.49522,7.418738,7.418738,1.658424,298110
21/04/1964,7.421925,7.520714,7.421925,7.520714,1.681223,455010
22/04/1964,7.520714,7.571702,7.501593,7.571702,1.692619,439320
23/04/1964,7.571702,7.597196,7.444232,7.444232,1.664125,549150
24/04/1964,7.444232,7.482473,7.383684,7.431485,1.661275,564840
27/04/1964,7.431485,7.453792,7.399618,7.405991,1.655577,525615
28/04/1964,7.405991,7.49522,7.405991,7.437859,1.662701,502080
29/04/1964,7.437859,7.482473,7.34863,7.34863,1.642755,658980
30/04/1964,7.34863,7.36775,7.268961,7.268961,1.624944,400095
01/05/1964,7.278521,7.386871,7.278521,7.386871,1.651303,423630
04/05/1964,7.405991,7.469726,7.405991,7.444232,1.664125,384405
05/05/1964,7.444232,7.469726,7.418738,7.453792,1.666264,266730
06/05/1964,7.453792,7.50478,7.444232,7.444232,1.664125,258885
07/05/1964,7.444232,7.501593,7.434672,7.434672,1.661988,305955
08/05/1964,7.434672,7.469726,7.431485,7.450605,1.66555,298110
11/05/1964,7.450605,7.479286,7.437859,7.444232,1.664125,384405
12/05/1964,7.450605,7.482473,7.450605,7.476099,1.671249,235350
13/05/1964,7.476099,7.530274,7.476099,7.48566,1.673386,509925
14/05/1964,7.476099,7.476099,7.431485,7.450605,1.66555,313800
15/05/1964,7.450605,7.50478,7.441045,7.488846,1.674098,243195
18/05/1964,7.576482,7.576482,7.456979,7.536648,1.684784,583668
19/05/1964,7.536648,7.63225,7.536648,7.616316,1.702594,728016
20/05/1964,7.63225,7.731836,7.63225,7.731836,1.728417,1380720
21/05/1964,7.743786,7.807521,7.743786,7.791587,1.741774,1154784
22/05/1964,7.807521,7.871256,7.807521,7.823454,1.7489,979056
25/05/1964,7.823454,7.839388,7.695985,7.703952,1.722623,571116
26/05/1964,7.703952,7.727852,7.642208,7.680051,1.717279,847260
27/05/1964,7.680051,7.680051,7.584449,7.592416,1.697683,721740
28/05/1964,7.600382,7.648184,7.600382,7.648184,1.710152,464424
01/06/1964,7.648184,7.680051,7.540631,7.540631,1.686104,464424
02/06/1964,7.552581,7.616316,7.552581,7.576482,1.69412,458148
03/06/1964,7.576482,7.592416,7.488846,7.488846,1.674524,558564
04/06/1964,7.488846,7.512747,7.357393,7.357393,1.645132,640152
05/06/1964,7.357393,7.441045,7.345443,7.393244,1.653149,577392
08/06/1964,7.393244,7.441045,7.345443,7.345443,1.64246,263592
09/06/1964,7.35341,7.488846,7.35341,7.488846,1.674524,658980
10/06/1964,7.488846,7.536648,7.441045,7.441045,1.663836,395388
11/06/1964,7.441045,7.50478,7.433078,7.472913,1.670961,401664
12/06/1964,7.488846,7.536648,7.488846,7.528681,1.683432,282420
15/06/1964,7.544614,7.600382,7.544614,7.584449,1.695901,294972
16/06/1964,7.616316,7.6442,7.616316,7.636233,1.70748,326352
17/06/1964,7.6442,7.688018,7.6442,7.680051,1.717279,784500
18/06/1964,7.680051,7.692001,7.608349,7.608349,1.701245,464424
19/06/1964,7.608349,7.6442,7.592416,7.640217,1.708369,232212
22/06/1964,7.640217,7.664117,7.624283,7.660134,1.712824,288696
23/06/1964,7.660134,7.664117,7.608349,7.628266,1.705699,232212
24/06/1964,7.628266,7.672084,7.608349,7.668101,1.714606,351456
25/06/1964,7.668101,7.703952,7.660134,7.664117,1.713716,489528
26/06/1964,7.664117,7.680051,7.616316,7.616316,1.703028,288696
29/06/1964,7.616316,7.648184,7.604366,7.604366,1.700355,288696
30/06/1964,7.604366,7.63225,7.600382,7.600382,1.699464,307524
01/07/1964,7.628266,7.680051,7.628266,7.664117,1.713716,389112
02/07/1964,7.684034,7.727852,7.684034,7.711918,1.724404,552288
06/07/1964,7.711918,7.79557,7.711918,7.775653,1.738655,420492
07/07/1964,7.79557,7.839388,7.79557,7.823454,1.749345,571116
08/07/1964,7.823454,7.839388,7.787604,7.791587,1.742219,320076
09/07/1964,7.791587,7.823454,7.77167,7.77167,1.737765,282420
10/07/1964,7.77167,7.799554,7.688018,7.688018,1.71906,520908
13/07/1964,7.688018,7.692001,7.648184,7.672084,1.715497,552288
14/07/1964,7.672084,7.711918,7.496813,7.520714,1.681651,1317960
15/07/1964,7.528681,7.604366,7.528681,7.600382,1.699464,458148
16/07/1964,7.608349,7.640217,7.608349,7.63225,1.706589,376560
17/07/1964,7.63225,7.652167,7.624283,7.63225,1.706589,225936
20/07/1964,7.63225,7.63225,7.552581,7.552581,1.688776,282420
21/07/1964,7.552581,7.592416,7.512747,7.524697,1.682541,458148
22/07/1964,7.524697,7.544614,7.488846,7.512747,1.67987,313800
23/07/1964,7.512747,7.512747,7.472913,7.488846,1.674524,200832
24/07/1964,7.464946,7.464946,7.389261,7.389261,1.652257,533460
27/07/1964,7.389261,7.401211,7.345443,7.35341,1.64424,646428
28/07/1964,7.35341,7.36536,7.329509,7.337476,1.640678,495804
29/07/1964,7.345443,7.403203,7.345443,7.403203,1.655375,313800
30/07/1964,7.403203,7.409178,7.35341,7.35341,1.64424,225936
31/07/1964,7.35341,7.373327,7.345443,7.361377,1.646022,276144
03/08/1964,7.361377,7.361377,7.325526,7.325526,1.638007,213384
04/08/1964,7.265774,7.265774,7.078553,7.078553,1.583213,1186164
05/08/1964,7.078553,7.194073,7.042702,7.186106,1.607268,1261476
06/08/1964,7.186106,7.20204,7.078553,7.08652,1.584994,577392
07/08/1964,7.142288,7.186106,7.142288,7.154238,1.600141,495804
10/08/1964,7.154238,7.162205,7.142288,7.154238,1.600141,338904
11/08/1964,7.154238,7.178139,7.09847,7.09847,1.587668,627600
12/08/1964,7.09847,7.178139,7.082537,7.146272,1.598359,539736
13/08/1964,7.154238,7.210006,7.154238,7.210006,1.612615,439320
14/08/1964,7.210006,7.22594,7.122371,7.122371,1.593014,382836
17/08/1964,7.130338,7.170172,7.130338,7.130338,1.594795,301248
18/08/1964,7.130338,7.134321,7.122371,7.134321,1.595686,188280
19/08/1964,7.134321,7.134321,7.06262,7.066603,1.580539,389112
20/08/1964,7.054653,7.054653,6.867431,6.915233,1.546683,1092024
21/08/1964,6.923199,7.006851,6.923199,6.994901,1.564503,646428
24/08/1964,6.994901,7.006851,6.931166,6.933158,1.550693,320076
25/08/1964,6.933158,6.933158,6.803697,6.827597,1.527084,702912
26/08/1964,6.827597,6.867431,6.779796,6.815647,1.52441,765672
27/08/1964,6.823614,6.863448,6.823614,6.851498,1.532429,627600
28/08/1964,6.895315,6.974984,6.895315,6.974984,1.560048,445596
31/08/1964,6.974984,7.034736,6.955067,7.018802,1.569849,571116
01/09/1964,7.018802,7.050669,6.994901,7.026769,1.571631,426768
02/09/1964,7.026769,7.066603,7.006851,7.042702,1.575194,269868
03/09/1964,7.042702,7.082537,7.042702,7.078553,1.583213,533460
04/09/1964,7.078553,7.106437,7.054653,7.076562,1.582767,370284
08/09/1964,7.076562,7.102454,7.010835,7.014818,1.568958,338904
09/09/1964,7.014818,7.038719,6.931166,6.93515,1.551139,470700
10/09/1964,6.851498,6.851498,6.771829,6.789755,1.518619,1644312
11/09/1964,6.789755,6.839547,6.771829,6.775813,1.515501,840984
14/09/1964,6.775813,6.799713,6.564691,6.564691,1.468281,1079472
15/09/1964,6.584608,6.68021,6.584608,6.636393,1.484317,1004160
16/09/1964,6.652326,6.797721,6.652326,6.797721,1.520401,728016
17/09/1964,6.835564,6.939133,6.835564,6.915233,1.546683,771948
18/09/1964,6.915233,6.943117,6.739962,6.779796,1.516392,809604
21/09/1964,6.79573,6.883365,6.79573,6.79573,1.519956,351456
22/09/1964,6.79573,6.859465,6.779796,6.779796,1.516392,445596
23/09/1964,6.779796,6.851498,6.779796,6.851498,1.532429,357732
24/09/1964,6.851498,6.899299,6.851498,6.883365,1.539556,294972
25/09/1964,6.915233,7.034736,6.915233,6.990918,1.563611,884916
28/09/1964,6.990918,6.990918,6.93515,6.93515,1.551139,282420
29/09/1964,6.939133,6.978967,6.939133,6.971001,1.559158,257316
30/09/1964,6.971001,6.982951,6.9471,6.955067,1.555594,219660
01/10/1964,6.955067,6.955067,6.923199,6.927183,1.549357,175728
02/10/1964,6.911249,6.911249,6.811663,6.899299,1.54312,395388
05/10/1964,6.899299,6.907266,6.851498,6.855481,1.533321,351456
06/10/1964,6.803697,6.803697,6.759879,6.771829,1.514611,326352
07/10/1964,6.771829,6.79573,6.747929,6.779796,1.516392,351456
08/10/1964,6.779796,6.831581,6.771829,6.827597,1.527084,338904
09/10/1964,6.839547,6.875398,6.839547,6.867431,1.535993,458148
12/10/1964,6.859465,6.859465,6.81963,6.81963,1.525301,207108
13/10/1964,6.803697,6.803697,6.708094,6.708094,1.500355,439320
14/10/1964,6.708094,6.755895,6.692161,6.724028,1.503918,395388
15/10/1964,6.724028,6.779796,6.692161,6.779796,1.516392,552288
16/10/1964,6.791746,6.867431,6.791746,6.867431,1.535993,439320
19/10/1964,6.867431,6.867431,6.803697,6.81963,1.525301,307524
20/10/1964,6.779796,6.779796,6.731995,6.759879,1.511938,539736
21/10/1964,6.759879,6.783779,6.747929,6.763862,1.512827,263592
22/10/1964,6.763862,6.767846,6.739962,6.739962,1.507482,370284
23/10/1964,6.739962,6.747929,6.708094,6.714069,1.501691,225936
26/10/1964,6.714069,6.724028,6.612492,6.612492,1.478972,445596
27/10/1964,6.614484,6.66826,6.614484,6.636393,1.484317,514632
28/10/1964,6.636393,6.676227,6.628426,6.676227,1.493227,288696
29/10/1964,6.676227,6.700127,6.660293,6.700127,1.498574,269868
30/10/1964,6.700127,6.739962,6.684194,6.692161,1.496791,313800
02/11/1964,6.688177,6.688177,6.644359,6.644359,1.486542,615048
04/11/1964,6.644359,6.688177,6.644359,6.644359,1.486542,382836
05/11/1964,6.648343,6.688177,6.648343,6.672243,1.49278,288696
06/11/1964,6.672243,6.700127,6.664277,6.66826,1.491889,445596
09/11/1964,6.66826,6.700127,6.664277,6.676227,1.493672,395388
10/11/1964,6.676227,6.692161,6.66826,6.676227,1.493672,282420
11/11/1964,6.676227,6.688177,6.664277,6.676227,1.493672,332628
12/11/1964,6.676227,6.700127,6.676227,6.684194,1.495455,439320
13/11/1964,6.684194,6.791746,6.684194,6.791746,1.519517,627600
16/11/1964,6.835564,6.883365,6.835564,6.883365,1.540014,458148
17/11/1964,6.883365,6.923199,6.851498,6.867431,1.53645,338904
18/11/1964,6.835564,6.835564,6.708094,6.708094,1.500802,464424
19/11/1964,6.708094,6.716061,6.660293,6.708094,1.500802,640152
20/11/1964,6.708094,6.81963,6.708094,6.783779,1.517734,282420
23/11/1964,6.783779,6.787763,6.724028,6.739962,1.507932,301248
24/11/1964,6.724028,6.724028,6.676227,6.676227,1.493672,552288
25/11/1964,6.676227,6.712078,6.644359,6.644359,1.486542,753120
27/11/1964,6.644359,6.660293,6.588591,6.636393,1.484758,759396
30/11/1964,6.636393,6.692161,6.572658,6.572658,1.470501,527184
01/12/1964,6.556724,6.556724,6.485022,6.492989,1.452676,891192
02/12/1964,6.492989,6.51689,6.487014,6.500956,1.454458,458148
03/12/1964,6.500956,6.608509,6.500956,6.572658,1.470501,476976
04/12/1964,6.604525,6.660293,6.604525,6.644359,1.486542,307524
07/12/1964,6.644359,6.660293,6.630417,6.636393,1.484758,345180
08/12/1964,6.636393,6.638384,6.500956,6.500956,1.454458,301248
09/12/1964,6.500956,6.580625,6.485022,6.487014,1.451339,558564
10/12/1964,6.504939,6.564691,6.504939,6.51689,1.458023,345180
11/12/1964,6.544774,6.620459,6.544774,6.584608,1.473174,458148
14/12/1964,6.584608,6.592575,6.548757,6.548757,1.465153,332628
15/12/1964,6.548757,6.576641,6.500956,6.542782,1.463816,232212
16/12/1964,6.542782,6.576641,6.532823,6.548757,1.465153,232212
17/12/1964,6.548757,6.608509,6.54079,6.580625,1.472282,269868
18/12/1964,6.592575,6.620459,6.592575,6.612492,1.479413,433044
21/12/1964,6.612492,6.632409,6.612492,6.612492,1.479413,407940
22/12/1964,6.612492,6.632409,6.596558,6.596558,1.475848,382836
23/12/1964,6.596558,6.600542,6.548757,6.548757,1.465153,313800
24/12/1964,6.556724,6.588591,6.556724,6.588591,1.474065,213384
28/12/1964,6.588591,6.596558,6.548757,6.576641,1.47139,320076
29/12/1964,6.576641,6.580625,6.534815,6.54079,1.463371,577392
30/12/1964,6.54079,6.572658,6.532823,6.552741,1.466044,414216
31/12/1964,6.552741,6.588591,6.524857,6.524857,1.459805,520908
04/01/1965,6.524857,6.54079,6.453155,6.455147,1.44421,533460
05/01/1965,6.455147,6.469089,6.437221,6.439213,1.440644,520908
06/01/1965,6.469089,6.556724,6.469089,6.512906,1.457132,1016712
07/01/1965,6.54079,6.65631,6.54079,6.65631,1.489216,608772
08/01/1965,6.66826,6.771829,6.66826,6.771829,1.515062,765672
11/01/1965,6.771829,6.783779,6.708094,6.728011,1.505257,357732
12/01/1965,6.728011,6.747929,6.712078,6.743945,1.508821,470700
13/01/1965,6.743945,6.783779,6.739962,6.755895,1.511495,420492
14/01/1965,6.771829,6.823614,6.771829,6.81963,1.525756,1010436
15/01/1965,6.835564,6.931166,6.835564,6.927183,1.549819,602496
18/01/1965,6.967017,7.014818,6.967017,7.014818,1.569424,878640
19/01/1965,7.014818,7.07457,6.967017,7.07457,1.582793,941400
20/01/1965,7.07457,7.08652,7.058636,7.070586,1.581902,546012
21/01/1965,7.058636,7.058636,7.010835,7.058636,1.579228,552288
22/01/1965,7.07457,7.118388,7.07457,7.118388,1.592596,476976
25/01/1965,7.106437,7.106437,7.070586,7.09847,1.58814,307524
26/01/1965,7.09847,7.142288,7.042702,7.06262,1.580119,539736
27/01/1965,7.07457,7.146272,7.07457,7.146272,1.598836,552288
28/01/1965,7.146272,7.158222,7.122371,7.154238,1.600618,338904
29/01/1965,7.154238,7.170172,7.130338,7.146272,1.598836,401664
01/02/1965,7.130338,7.130338,7.090504,7.09847,1.58814,546012
02/02/1965,7.09847,7.122371,7.058636,7.082537,1.585109,276144
03/02/1965,7.07457,7.07457,7.046686,7.046686,1.577086,219660
04/02/1965,7.070586,7.154238,7.070586,7.150255,1.600265,326352
05/02/1965,7.122371,7.122371,7.07457,7.09847,1.588675,263592
08/02/1965,7.042702,7.042702,6.994901,7.026769,1.57263,357732
09/02/1965,7.026769,7.114404,7.010835,7.114404,1.592241,370284
10/02/1965,7.114404,7.138305,6.963034,7.002868,1.567277,357732
11/02/1965,7.002868,7.058636,6.994901,7.010835,1.569062,364008
12/02/1965,7.010835,7.034736,6.994901,7.024777,1.572183,269868
15/02/1965,7.018802,7.018802,6.887349,6.899299,1.5441,439320
16/02/1965,6.899299,6.951083,6.835564,6.851498,1.533401,370284
17/02/1965,6.851498,6.891332,6.771829,6.891332,1.542317,809604
18/02/1965,6.891332,7.066603,6.891332,7.066603,1.581544,558564
19/02/1965,7.082537,7.158222,7.082537,7.130338,1.595807,728016
23/02/1965,7.134321,7.166189,7.134321,7.138305,1.59759,251040
24/02/1965,7.146272,7.182122,7.146272,7.162205,1.602939,702912
25/02/1965,7.162205,7.241874,7.154238,7.241874,1.62077,646428
26/02/1965,7.249841,7.2837,7.249841,7.261791,1.625228,476976
01/03/1965,7.261791,7.301625,7.249841,7.253824,1.623444,364008
02/03/1965,7.253824,7.265774,7.22594,7.265774,1.62612,313800
03/03/1965,7.257808,7.257808,7.186106,7.22594,1.617204,257316
04/03/1965,7.22594,7.22594,7.146272,7.150255,1.600265,401664
05/03/1965,7.150255,7.217973,7.138305,7.20204,1.611854,338904
08/03/1965,7.22594,7.257808,7.22594,7.23789,1.619878,332628
09/03/1965,7.249841,7.333493,7.249841,7.333493,1.641274,476976
10/03/1965,7.331501,7.331501,7.281708,7.281708,1.629685,282420
11/03/1965,7.305609,7.37731,7.305609,7.321542,1.6386,451872
12/03/1965,7.333493,7.421128,7.333493,7.401211,1.65643,357732
15/03/1965,7.401211,7.48088,7.385277,7.445029,1.666237,320076
16/03/1965,7.425112,7.425112,7.361377,7.393244,1.654647,320076
17/03/1965,7.393244,7.409178,7.35341,7.37731,1.651081,169452
18/03/1965,7.385277,7.445029,7.385277,7.401211,1.65643,225936
19/03/1965,7.385277,7.385277,7.369344,7.37731,1.651081,163176
22/03/1965,7.37731,7.385277,7.331501,7.385277,1.652864,263592
23/03/1965,7.37731,7.37731,7.345443,7.349426,1.64484,288696
24/03/1965,7.349426,7.361377,7.313576,7.313576,1.636817,345180
25/03/1965,7.313576,7.313576,7.233907,7.265774,1.62612,313800
26/03/1965,7.241874,7.241874,7.154238,7.154238,1.601156,728016
29/03/1965,7.186106,7.249841,7.186106,7.245857,1.62166,282420
30/03/1965,7.245857,7.257808,7.210006,7.245857,1.62166,307524
31/03/1965,7.245857,7.265774,7.233907,7.23789,1.619878,263592
01/04/1965,7.249841,7.281708,7.249841,7.261791,1.625228,213384
02/04/1965,7.265774,7.297642,7.265774,7.289675,1.631469,395388
05/04/1965,7.289675,7.329509,7.285692,7.321542,1.6386,357732
06/04/1965,7.297642,7.297642,7.265774,7.273741,1.627902,263592
07/04/1965,7.273741,7.305609,7.265774,7.265774,1.62612,288696
08/04/1965,7.281708,7.309592,7.281708,7.297642,1.63325,225936
09/04/1965,7.35341,7.488846,7.35341,7.488846,1.676043,546012
12/04/1965,7.48088,7.48088,7.429095,7.48088,1.674261,395388
13/04/1965,7.48088,7.552581,7.456979,7.520714,1.683176,357732
14/04/1965,7.520714,7.568515,7.464946,7.528681,1.684958,571116
15/04/1965,7.528681,7.552581,7.456979,7.520714,1.683176,357732
19/04/1965,7.560548,7.63225,7.560548,7.63225,1.708138,345180
20/04/1965,7.63225,7.648184,7.584449,7.624283,1.706355,577392
21/04/1965,7.616316,7.616316,7.568515,7.592416,1.699224,244764
22/04/1965,7.624283,7.650175,7.624283,7.640217,1.709922,225936
23/04/1965,7.640217,7.660134,7.63225,7.652167,1.712595,251040
26/04/1965,7.6442,7.6442,7.600382,7.63225,1.708138,238488
27/04/1965,7.63225,7.648184,7.624283,7.63225,1.708138,182004
28/04/1965,7.63225,7.63225,7.600382,7.63225,1.708138,163176
29/04/1965,7.640217,7.672084,7.640217,7.648184,1.711703,182004
30/04/1965,7.648184,7.727852,7.648184,7.727852,1.729534,338904
03/05/1965,7.711918,7.711918,7.672084,7.703952,1.724184,150624
04/05/1965,7.703952,7.727852,7.648184,7.719885,1.728287,219660
05/05/1965,7.719885,7.791587,7.711918,7.727852,1.730071,426768
06/05/1965,7.751753,7.807521,7.751753,7.807521,1.747907,433044
07/05/1965,7.807521,7.831421,7.727852,7.727852,1.730071,395388
10/05/1965,7.727852,7.763703,7.616316,7.63225,1.708669,307524
11/05/1965,7.63225,7.684034,7.584449,7.648184,1.712234,156900
12/05/1965,7.648184,7.72586,7.648184,7.72586,1.729625,251040
13/05/1965,7.72586,7.731836,7.703952,7.711918,1.726503,307524
14/05/1965,7.684034,7.684034,7.652167,7.672084,1.717586,106692
17/05/1965,7.672084,7.688018,7.520714,7.560548,1.692616,294972
18/05/1965,7.560548,7.592416,7.536648,7.584449,1.697966,345180
19/05/1965,7.616316,7.636233,7.616316,7.616316,1.7051,207108
20/05/1965,7.616316,7.628266,7.536648,7.536648,1.687265,225936
21/05/1965,7.532664,7.532664,7.468929,7.472913,1.672995,288696
24/05/1965,7.409178,7.409178,7.329509,7.329509,1.640892,458148
25/05/1965,7.361377,7.520714,7.361377,7.50478,1.68013,370284
26/05/1965,7.496813,7.496813,7.417145,7.441045,1.665863,395388
27/05/1965,7.441045,7.456979,7.401211,7.433078,1.664079,345180
28/05/1965,7.456979,7.616316,7.456979,7.616316,1.7051,294972
01/06/1965,7.584449,7.584449,7.456979,7.464946,1.671212,257316
02/06/1965,7.464946,7.568515,7.417145,7.568515,1.694399,489528
03/06/1965,7.568515,7.608349,7.472913,7.50478,1.68013,433044
04/06/1965,7.50478,7.584449,7.50478,7.560548,1.692616,382836
07/06/1965,7.560548,7.584449,7.488846,7.552581,1.690832,338904
08/06/1965,7.552581,7.572498,7.456979,7.464946,1.671212,50208
09/06/1965,7.464946,7.488846,7.305609,7.305609,1.635542,1198716
10/06/1965,7.305609,7.369344,7.217973,7.217973,1.615921,1374444
11/06/1965,7.233907,7.345443,7.233907,7.245857,1.622163,765672
14/06/1965,7.245857,7.337476,7.138305,7.20204,1.612355,815880
15/06/1965,7.20204,7.345443,7.130338,7.301625,1.634649,1311684
16/06/1965,7.301625,7.37731,7.281708,7.281708,1.630191,834708
17/06/1965,7.281708,7.385277,7.265774,7.373327,1.650701,451872
18/06/1965,7.373327,7.403203,7.337476,7.369344,1.64981,439320
21/06/1965,7.345443,7.345443,7.281708,7.337476,1.642675,520908
22/06/1965,7.337476,7.357393,7.305609,7.305609,1.635542,294972
23/06/1965,7.305609,7.393244,7.289675,7.289675,1.631975,326352
24/06/1965,7.289675,7.329509,7.233907,7.257808,1.624839,502080
25/06/1965,7.229924,7.229924,7.118388,7.118388,1.593628,1129680
28/06/1965,7.118388,7.154238,7.030752,7.050669,1.578466,778224
29/06/1965,7.050669,7.170172,6.971001,7.170172,1.605219,1656864
30/06/1965,7.206023,7.297642,7.206023,7.297642,1.633758,822156
01/07/1965,7.297642,7.345443,7.249841,7.345443,1.644458,539736
02/07/1965,7.345443,7.409178,7.281708,7.401211,1.656945,564840
06/07/1965,7.373327,7.373327,7.313576,7.34146,1.643567,307524
07/07/1965,7.329509,7.329509,7.281708,7.297642,1.633758,307524
08/07/1965,7.297642,7.441045,7.269758,7.441045,1.665863,495804
09/07/1965,7.441045,7.486855,7.417145,7.484863,1.675671,389112
12/07/1965,7.48088,7.48088,7.441045,7.441045,1.665863,200832
13/07/1965,7.429095,7.429095,7.37731,7.425112,1.662295,263592
14/07/1965,7.425112,7.50478,7.417145,7.49283,1.677456,489528
15/07/1965,7.50478,7.524697,7.50478,7.51673,1.682805,439320
16/07/1965,7.51673,7.560548,7.50478,7.560548,1.692616,364008
19/07/1965,7.560548,7.564532,7.536648,7.560548,1.692616,357732
20/07/1965,7.552581,7.552581,7.425112,7.427103,1.662741,476976
21/07/1965,7.427103,7.460962,7.37731,7.37731,1.651593,495804
22/07/1965,7.37731,7.413161,7.345443,7.345443,1.644458,294972
23/07/1965,7.345443,7.425112,7.333493,7.425112,1.662295,263592
26/07/1965,7.425112,7.433078,7.35341,7.421128,1.661403,238488
27/07/1965,7.421128,7.449012,7.361377,7.393244,1.655161,257316
28/07/1965,7.393244,7.512747,7.35341,7.512747,1.681914,483252
29/07/1965,7.512747,7.584449,7.512747,7.576482,1.696183,571116
30/07/1965,7.576482,7.63225,7.576482,7.63225,1.708669,502080
02/08/1965,7.63225,7.636233,7.588432,7.588432,1.698859,225936
03/08/1965,7.588432,7.648184,7.556565,7.646192,1.712329,514632
04/08/1965,7.648184,7.729844,7.648184,7.723869,1.729723,778224
05/08/1965,7.723869,7.731836,7.672084,7.672084,1.718127,288696
06/08/1965,7.672084,7.703952,7.616316,7.703952,1.725263,200832
09/08/1965,7.703952,7.731836,7.684034,7.711918,1.727048,307524
10/08/1965,7.711918,7.735819,7.676068,7.688018,1.721695,263592
11/08/1965,7.695985,7.727852,7.695985,7.711918,1.727048,131796
12/08/1965,7.711918,7.807521,7.695985,7.799554,1.746673,721740
13/08/1965,7.799554,7.859305,7.775653,7.847355,1.757379,502080
16/08/1965,7.847355,7.885198,7.84138,7.843372,1.756486,426768
17/08/1965,7.831421,7.831421,7.78362,7.819471,1.751133,251040
18/08/1965,7.827438,7.871256,7.827438,7.851338,1.758271,508356
19/08/1965,7.851338,7.871256,7.807521,7.807521,1.748457,709188
20/08/1965,7.807521,7.871256,7.767686,7.839388,1.755594,520908
23/08/1965,7.839388,7.903123,7.823454,7.887189,1.766298,546012
24/08/1965,7.907106,8.016651,7.907106,7.994742,1.790384,1242648
25/08/1965,7.994742,8.028601,7.950924,7.950924,1.780571,483252
26/08/1965,7.950924,8.010676,7.950924,7.954908,1.781463,357732
27/08/1965,7.974825,7.998725,7.974825,7.974825,1.785925,326352
30/08/1965,7.974825,7.982792,7.93499,7.970841,1.785033,238488
31/08/1965,7.970841,7.986775,7.950924,7.950924,1.780571,263592
01/09/1965,7.950924,7.966858,7.942957,7.966858,1.784141,144348
02/09/1965,7.970841,7.998725,7.970841,7.994742,1.790384,307524
03/09/1965,8.022626,8.044535,8.022626,8.030593,1.798414,364008
07/09/1965,8.030593,8.042543,8.002709,8.018642,1.795736,238488
08/09/1965,8.018642,8.026609,7.93499,7.998725,1.791277,395388
09/09/1965,7.998725,8.03856,7.994742,8.034576,1.799306,307524
10/09/1965,8.034576,8.06246,8.014659,8.026609,1.797521,351456
13/09/1965,8.06246,8.142129,8.06246,8.142129,1.823391,615048
14/09/1965,8.142129,8.20188,8.118228,8.118228,1.818039,520908
15/09/1965,8.118228,8.173996,8.102294,8.114245,1.817146,320076
16/09/1965,8.150096,8.179971,8.150096,8.158062,1.826959,439320
17/09/1965,8.158062,8.20188,8.094328,8.20188,1.836773,508356
20/09/1965,8.170013,8.170013,8.094328,8.158062,1.826959,326352
21/09/1965,8.158062,8.203872,8.158062,8.197897,1.83588,219660
22/09/1965,8.197897,8.237731,8.181963,8.229764,1.843016,445596
23/09/1965,8.229764,8.241714,8.21383,8.21383,1.839448,407940
24/09/1965,8.162046,8.162046,8.110261,8.158062,1.826959,445596
27/09/1965,8.181963,8.221797,8.181963,8.21383,1.839448,338904
28/09/1965,8.21383,8.237731,8.166029,8.173996,1.830528,282420
29/09/1965,8.173996,8.229764,8.118228,8.150096,1.825176,382836
30/09/1965,8.150096,8.166029,8.126195,8.166029,1.828743,257316
01/10/1965,8.138145,8.138145,8.018642,8.078394,1.809118,552288
04/10/1965,8.078394,8.118228,8.06246,8.114245,1.817146,307524
05/10/1965,8.126195,8.173996,8.126195,8.150096,1.825176,389112
06/10/1965,8.150096,8.181963,8.142129,8.181963,1.832312,225936
07/10/1965,8.181963,8.191922,8.142129,8.142129,1.823391,238488
08/10/1965,8.18993,8.221797,8.18993,8.205864,1.837664,376560
11/10/1965,8.229764,8.285532,8.229764,8.269598,1.851938,458148
12/10/1965,8.269598,8.273582,8.166029,8.20188,1.836773,414216
13/10/1965,8.20188,8.245698,8.173996,8.221797,1.841231,276144
14/10/1965,8.221797,8.237731,8.205864,8.205864,1.837664,225936
15/10/1965,8.209847,8.253665,8.209847,8.249681,1.847478,232212
18/10/1965,8.249681,8.313416,8.237731,8.293499,1.857291,577392
19/10/1965,8.301466,8.333333,8.301466,8.313416,1.861749,320076
20/10/1965,8.313416,8.405035,8.297482,8.405035,1.882267,476976
21/10/1965,8.405035,8.436902,8.389101,8.405035,1.882267,395388
22/10/1965,8.413002,8.484704,8.413002,8.428936,1.88762,558564
25/10/1965,8.420969,8.420969,8.389101,8.405035,1.882267,282420
26/10/1965,8.405035,8.428936,8.333333,8.349267,1.869777,370284
27/10/1965,8.373168,8.46877,8.373168,8.452836,1.892973,301248
28/10/1965,8.452836,8.484704,8.436902,8.46877,1.896541,276144
29/10/1965,8.46877,8.49267,8.444869,8.49267,1.901893,150624
01/11/1965,8.49267,8.49267,8.448853,8.49267,1.902429,276144
03/11/1965,8.500637,8.522546,8.500637,8.522546,1.909122,175728
04/11/1965,8.524538,8.572339,8.524538,8.564372,1.918491,389112
05/11/1965,8.564372,8.580306,8.540472,8.548438,1.914922,332628
08/11/1965,8.548438,8.580306,8.516571,8.580306,1.922062,238488
09/11/1965,8.556405,8.556405,8.484704,8.484704,1.900644,313800
10/11/1965,8.484704,8.516571,8.46877,8.496654,1.903321,182004
11/11/1965,8.496654,8.516571,8.484704,8.516571,1.907782,69036
12/11/1965,8.516571,8.580306,8.508604,8.572339,1.920275,288696
15/11/1965,8.580306,8.62014,8.580306,8.580306,1.922062,263592
16/11/1965,8.580306,8.648024,8.580306,8.648024,1.937229,213384
17/11/1965,8.667941,8.74761,8.667941,8.699809,1.948831,338904
18/11/1965,8.683875,8.683875,8.644041,8.644041,1.936337,244764
19/11/1965,8.644041,8.683875,8.62014,8.644041,1.936337,188280
22/11/1965,8.644041,8.827279,8.612173,8.612173,1.929199,125520
23/11/1965,8.612173,8.616157,8.532505,8.532505,1.911351,182004
24/11/1965,8.532505,8.580306,8.508604,8.532505,1.911351,106692
26/11/1965,8.532505,8.552422,8.528521,8.532505,1.911351,219660
29/11/1965,8.516571,8.516571,8.413002,8.413002,1.884581,269868
30/11/1965,8.413002,8.420969,8.3174,8.365201,1.873874,370284
01/12/1965,8.365201,8.409018,8.221797,8.221797,1.84175,445596
02/12/1965,8.138145,8.138145,7.990758,7.990758,1.789997,1167336
03/12/1965,7.990758,8.070427,7.875239,8.070427,1.807842,1995768
06/12/1965,8.070427,8.102294,7.93499,7.998725,1.791781,1041816
07/12/1965,8.026609,8.142129,8.026609,8.102294,1.814982,407940
08/12/1965,8.134162,8.205864,8.134162,8.150096,1.825689,395388
09/12/1965,8.173996,8.221797,8.173996,8.217814,1.840859,332628
10/12/1965,8.245698,8.261632,8.245698,8.253665,1.848891,282420
